Unknown,0006f647f9488d7a,AIM 7.5.11.9 (custom AppID + JL support)
Unknown,00098b0ef1c84088,fulDC 6.78
Unknown,01b29f0dc90366bb,AIM 5.9.3857
Unknown,03d877ec11607fe4,Thunderbird 6.0.2
Unknown,044a50e6c87bc012,Classic FTP Plus 2.15
Unknown,05e01ecaf82f7d8e,Scour Exchange 0.0.0.228
Unknown,06059df4b02360af,Kadu 0.10.0 / 0.6.5.5
Unknown,070b52cf73249257,Sococo 1.5.0.2274
Unknown,0a1d19afe5a80f80,FileZilla 2.2.32
Unknown,0a79a7ce3c45d781,CuteFTP 7.1 (Build 06.06.2005.1)
Unknown,0b3f13480c2785ae,Paint 6.1 (build 7601: SP1)
Unknown,0b48ce76eda60b97,Shareaza 8.0.0.112300
Unknown,0cfab0ec14b6f953,Express NewsPictures 2.41 (Build 08.05.07.0)
Unknown,0ef606b196796ebb,HP MediaSmart Photo
Unknown,10f5a20c21466e85,FTP Voyager 15.2.0.17
Unknown,1110d9896dceddb3,imgSeek 0.8.5
Unknown,122c907c4dc5911f,Mozilla Firefox x32
Unknown,12dc1ea8e34b5a6,Microsoft Paint 6.1
Unknown,134620458666ccb0,TeraCopy 2.3 64-bit
Unknown,135df2a440abe9bb,SoulSeek 156c
Unknown,13d1f3ea8d0e7308,Tracker Software PDF-Xchange Viewer
Unknown,13eb0e5d9a49eaef,Binjet 3.0.2
Unknown,1434d6d62d64857d,BitLord 1.2.0-66
Unknown,14354e216395983a,Remote Desktop Manager 2.1.0.0 FREE
Unknown,1461132e553e2e6c,Firefox 6.0
Unknown,14a48fbe3d43239a,Windows System Information(msinfo32.exe)
Unknown,14a989d191548bbc,Cyberlink PowerDVD16
Unknown,169b3be0bc43d592,FastPictureViewer Professional 1.6 (Build 211)
Unknown,16d71406474462b5,Snagit Editor 12.4.1
Unknown,16ec093b8f51508f,Opera 8.54 build 7730 / 9.64 build 10487 / 11.50 build 1074
Unknown,16f2f0042ddbe0e8,Windows Terminal
Unknown,174c2c811c286c58,InfraRecorder 0.53.0.0 64-bit
Unknown,177aeb41deb606ae,Adobe Photoshop CS6 (64 Bit)
Unknown,17d3eb086439f0d7,TrueCrypt 7.1a 64-bit
Unknown,18434d518c3a61eb,Minitab 17
Unknown,186b5ccada1d986b,NewsGrabber 3.0.36
Unknown,188f5ec9d11ded56,Microsoft Edge (Chromium)
Unknown,18ae7cda503d746e,Advanced System Optimizer 3
Unknown,18fa158a64c9508a,Mozilla Firefox x32
Unknown,19ccee0274976da8,mIRC 4.72 / 5.61
Unknown,19e6043495a5b4da,Edit Pad Pro
Unknown,1a60b1067913516a,Psi 0.14
Unknown,1a89d1befe8e90e3,Adobe Acrobat Distiller Pro XI 32-bit 11.0.0779
Unknown,1ab724316049531,NordVPN
Unknown,1b29f0dc90366bb,AIM 5.9.3857
Unknown,1b4dd67f29cb1962,Windows Explorer Pinned and Recent.
Unknown,1bc392b8e104a00e,Remote Desktop Connection 6.1.7600 (Win7)
Unknown,1bc9bbbe61f14501,OneNote
Unknown,1c30573bdfce4155,Zenmap GUI 6.49BETA4
Unknown,1c7a9be1b15a03ba,Microsoft Snip & Sketch
Unknown,1ced32d74a95c7bc,Microsoft Visual Studio Code
Unknown,1cf97c38a5881255,MediaPortal 1.1.3
Unknown,1cffbe973a437c74,DSPlayer 0.889 Lite
Unknown,1d12f965b876dc87,Snagit 2021
Unknown,1da3c90a72bf5527,Safari 4.0.5 (531.22.7) / 5.1 (7534.50)
Unknown,1eb796d87c32eff9,Firefox 5.0
Unknown,1f1f846f76251ea8,Microsoft.Office.Desktop.Word_16xxx
Unknown,20513cdf29d09c0e,Hex Editor Neo
Unknown,20ef367747c22564,Bullet Proof FTP 2010.75.0.75
Unknown,21982dade69f78d8,Opera Browser
Unknown,223bf0f360c6fea5,I2P 0.8.8 (restartable)
Unknown,226400522157fe8b,FileZilla Server 0.9.39 beta
Unknown,22c4d315e96389e0,FastCopy 3.12
Unknown,22cefa022402327d,Meca Messenger 5.3.0.52 (CHANGED)
Unknown,22e699ddc3928886,Fineprint PdfFactory
Unknown,23646679aaccfae0,Adobe Reader 9.x(CHANGED)
Unknown,23709f6439b9f03d,Hex Editor Neo 5.14(CHANGED)
Unknown,23ef200ca6364eff,Oracle VM VirtualBox 5.0.16
Unknown,23f08dab0f6aaf30,SoMud 1.3.3
Unknown,2417caa1f2a881d4,ICQ 7.6 (Build 5617)
Unknown,2437d4d14b056114,EiskaltDC++ 2.2.3
Unknown,24728462b60c215d,Microsoft.WindowsMaps x64
Unknown,2519133d6d830f7e,IMatch 3.6.0.113
Unknown,2544ff74641b639d,WiseFTP 6.1.5
Unknown,254995f62cc3531a,Sanderson Forensics BPLister
Unknown,25cfc5224e58d5d9,Corel Photo Paint Home
Unknown,265142389b98fcb1,DVDFab 9 x86
Unknown,26717493b25aa6e1,Adobe Dreamweaver CS5 (32-bit)
Unknown,26753c97ea000ecd,LibreOffice 5.1.0.3 Math
Unknown,271e609288e1210a,Microsoft Office Access 2010 x86
Unknown,27da120d7e75cf1f,pbFTPClient 6.1
Unknown,27ececd8d89b6767,AIM 6.2.14.2 / 6.5.3.12 / 6.9.17.2
Unknown,28493d9d08e13aa6,UltraVNC Viewer 1.2.1.0
Unknown,28c8b86deab549a1,Internet Explorer 8.0.7600.16385 / 9
Unknown,28efb5b6d2e28389,EA Origin
Unknown,290532160612e071,WinRar x64
Unknown,292a746334889a7e,SQLiteSpy 1.9.13
Unknown,2a5a615382a84729,X-Chat 2 2.8.6-2
Unknown,2a64b26bd99f0d16,Shareaza
Unknown,2aa756186e21b320,RealTimeQuery 3.2
Unknown,2b164f512891ae37,NewsWolf NSListGen
Unknown,2b53c4ddf69195fc,Zune x64
Unknown,2b5841989b3857da,RealVNC Server 5.3.0 64-bit (Chat)
Unknown,2bcef060ace5a6db,NordVPN
Unknown,2ca2a1a69dc5465f,UltraVNC 1.2.1.0 Server Property Page
Unknown,2d1658d5dc3cbe2d,MySpaceIM 1.0.823.0 Beta
Unknown,2d61cccb4338dfc8,BitTorrent 5.0.0 / 6.0.0 / 7.2.1 (Build 25548)
Unknown,2db8e25112ab4453,Deluge 1.3.3
Unknown,2fa14c7753239e4c,Paint.NET 2.72 / 3.5.8.4081.24580
Unknown,2ff9dc8fb7e11f39,I2P 0.8.8 (no window)
Unknown,3094cdb43bf5e9c2,Microsoft Office OneNote 2010 x86
Unknown,30d23723bdd5d908,Digsby (Build 30140) (JL support)
Unknown,315e29a36e961336,Roboform 7.8
Unknown,3168cc975b354a01,Slypheed 3.1.2 (Build 1120)
Unknown,3198e37206f28dc7,CuteFTP 8.3 Professional (Build 8.3.4.0007)
Unknown,319f01bf9fe00f2d,Microsoft Access 2016 64-bit
Unknown,31b6ebfff794ef0d,Opera Browser (Opera.exe)
Unknown,31db872855923268,Microsoft Orca
Unknown,31e8ac6b0784ed7d,Foxit Reader 9.4.0.16811
Unknown,3353b940c074fd0c,Microsoft Built-in Snipping Tool
Unknown,337ed59af273c758,Sticky Notes (Windows 10)
Unknown,33a00252c0fa56de,Mozilla Firefox x32
Unknown,3461e4d1eb393c9c,WTW 0.8.18.2852 / 0.8.19.2940
Unknown,3476342aab319002,Mozilla Firefox
Unknown,34b9a7ad69ff9c1b,Microsoft Access
Unknown,352fd027c0e8f0e5,Zoom
Unknown,353e9052cccbec5d,Kindle for PC 1.21.0
Unknown,3594aab44bca414b,Windows Photo Viewer
Unknown,3643905fceab2635,Cyberlink PowerDVD 16
Unknown,36801066f71b73c5,Binbot 2.0
Unknown,36c36598b08891bf,Vovox 2.5.3.4250
Unknown,36f6bc3efe1d99e0,Alt.Binz 0.25.0 (Build 27.09.2007)
Unknown,37392221756de927,RealPlayer SP 12
Unknown,3866ff352d7719e1,Paint.NET 4.0.9
Unknown,386a2f6aa7967f36,EyeBrowse 2.7
Unknown,387d72eb9c9aa960,UltraVNC 1.2.1.0 Launcher
Unknown,3917dd550d7df9a8,Konvertor 4.06 (Build 10)
Unknown,399fb4899502f372,Mozilla Firefox
Unknown,3a5148bf2288a434,Secure FTP 2.6.1 (Build 20101209.1254)
Unknown,3b94415067dd2c5d,GOG Galaxy
Unknown,3be7b307dfccb58f,NiouzeFire 0.8.7.0
Unknown,3c0022d9de573095,QuteCom 2.2
Unknown,3c309c17f7e8ffe1,GIMP 2.8.16
Unknown,3c355482cb54f75b,Microsoft.GetHelp
Unknown,3c3871276e149215,PowerShell 7
Unknown,3c93a049a30e25e6,J. River Media Center 16.0.149
Unknown,3cf13d83b0bd3867,RevConnect 0.674p (based on DC++)
Unknown,3d877ec11607fe4,Thunderbird 6.0.2
Unknown,3dc02b55e44d6697,7-Zip 3.13 / 4.20
Unknown,3df22b7648cec4c1,TeamViewer 11.0.55321
Unknown,3e4d62cf2c569bdf,MPC-HC (Media Player Classic - Home Cinema)
Unknown,3e9850346f375d41,Foxit Phantom PDF 7.2.2.929
Unknown,3ebcdfa8943cc8b8,SAPIEN SnippetEditor
Unknown,3ed70ef3495535f7,Gravity 3.0.4
Unknown,3edf100b207e2199,digiKam 1.7.0 (KDE 4.4.4)
Unknown,3f2cd46691bbee90,GOIM 1.1.0
Unknown,3f97341a65bac63a,Ozum 6.07 (Build 6070)
Unknown,3fcb7925be48c6d4,JSONBuddyApp
Unknown,3fe28476179ff940,Turnipsoft Freda (ebook reader)
Unknown,40371339ad31a7e6,Mozilla Firefox x64
Unknown,409b67100697bcc0,Revo Uninstaller Pro 3.1.5
Unknown,40f2aca05d8a33f2,Minitab 16
Unknown,411447f7de177c68,Windows DVD Maker 64-bit (Win7)
Unknown,4278d3dc044fc88a,Gaim 1.5.0
Unknown,42f16a31d9a2ec4,Microsoft Support Diagnostic Tool
Unknown,431a5b43435cc60b,Python (.pyc)
Unknown,43578521d78096c6,Windows Media Player Classic Home Cinema 1.3 (32-bit)
Unknown,435a2f986b404eb7,SmartFTP 4.0.1214.0 / 7.0.2200.0
Unknown,436eb6eb1bd9f03f,Microsoft Visio 15
Unknown,43886ba3395acdcc,Easy Post 3.0
Unknown,43929ae4535c8dea,Microsoft.SkypeApp 15 x86
Unknown,447e6aa2bbdfbc8a,Slack 4.11.3
Unknown,44a3621b32122d64,Microsoft Office Word 2010 x64
Unknown,44a398496acc926d,Adobe Premiere Pro CS5 (64-bit)
Unknown,44a50e6c87bc012,Classic FTP Plus 2.15
Unknown,454ef7dca3bb16b2,Exodus 0.10.0.0
Unknown,466d339d8f21cfbf,Microsoft Snip & Sketch
Unknown,469e4a7982cea4d4,Windows Wordpad
Unknown,46b106fe160f9bd,Microsoft Visual Studio 2026
Unknown,46e77b87767b92,Opera Browser 75
Unknown,46f433176bc0b3d2,WinRAR 5.30 beta 64-bit
Unknown,4700ff5ae80a6713,PDFCreator 2.2
Unknown,47592b67dd97a119,Windows Notepad x32 (Notepad.exe)
Unknown,490c000889535727,WinMX 4.9.3.0
Unknown,4975d6798a8bdf66,7-Zip 4.65 / 9.20
Unknown,497b42680f564128,Zoner PhotoStudio 13 (Build 7)
Unknown,497f749b9f1a5d16,Microsoft.GamingApp
Unknown,49b5edbd92d8cd58,FTP Commander 8.02
Unknown,49db7ed4f2703c22,LogMeIn Client 1.3.1835
Unknown,4a49906d074a3ad3,Media Go 1.8 (Build 121)
Unknown,4a7e4f6a181d3d08,broolzShare
Unknown,4aa2a5710da3efe0,DCSharpHub 2.0.0
Unknown,4ac866364817f10c,Microsoft Edge (Chromium)
Unknown,4acae695c73a28c7,VLC 0.3.0 / 0.4.6
Unknown,4b5f45de9912de53,Microsoft.Office.Desktop.Access_16xxx
Unknown,4b632cf2ceceac35,Robo-FTP Server 3.2.5
Unknown,4b6925efc53a3c08,BCWipe Task Manager 3.02.3 / 3.06.5.5
Unknown,4b8a4727aa452343,Firefox 56.0.2
Unknown,4c58cf9096ef3efd,Kindle for PC 1.24.3
Unknown,4cb9c5750d51c07f,Microsoft Movies & TV (Build 10.19031.11411.0)
Unknown,4cdf7858c6673f4b,Bullet Proof FTP 1.26
Unknown,4d202cabc6786cf7,Opera Browser
Unknown,4d72cfa1d0a67418,Newsgroup Image Collector
Unknown,4d7bdaea55ad352,PeaZip 6.0.0
Unknown,4d8bdacf5265a04f,The KMPlayer 2.9.4.1434
Unknown,4d939776340f1d18,LibreOffice Writer
Unknown,4dd48f858b1a6ba7,Free Download Manager 3.0 (Build 852)
Unknown,4dde7d7a7dfc5f29,VSCodium
Unknown,4e0ac37db19cba15,Xfire 1.138 (Build 44507)
Unknown,4e538fde985a3c01,Torch Browser 65.0.0.1614 (x86)
Unknown,4f24a7b84a7de5a6,Palringo 2.6.3 (r45983)
Unknown,4fc234e682fa0fff,Fineprint  pdfFactory
Unknown,4fceec8e021ac978,CoffeeCup Free FTP 3.5.0.0
Unknown,4fd44f9938892caa,CDBurnerXP
Unknown,500b8c1d5302fc9c,Python (.pyw)
Unknown,50620fe75ee0093,VMware Player 3.1.4
Unknown,50c5e019818564e3,Microsoft Excel Viewer 12.0.6219.1000
Unknown,51dceba79099d8d2,Sapien PowerShell Studio
Unknown,521a29e5d22c13b4,Skype 1.4.0.84 / 2.5.0.154 / 3.8.0.139 / 4.2.0.187 / Skype 5.3.0.120 / 5.5.0.115 / 5.5.32.117
Unknown,53f58609d680cdbc,Isobuster
Unknown,54c803dfc87b52ba,Nettalk 6.7.12
Unknown,550abc1cb58eb92c,VeraCrypt 1.16 64-bit
Unknown,556353beba95157c,7Z
Unknown,558c5bd9f906860a,BearShare Lite 5.2.5.1
Unknown,560d789a6a42ad5a,DC++ 0.261 / 0.698 / 0.782 (r2402.1)
Unknown,56bd4efc8f2e1f9c,XnSoft XnViewMP
Unknown,56c5204009d2b915,uTorrent 3.5.5
Unknown,573770283dc3d854,Windows Defender
Unknown,58170c92fa4b91a1,MediaMonkey
Unknown,58a5af636f485ff2,RegistryExplorer
Unknown,58bee77c49899591,Apple iTunes 12xxx x64
Unknown,590aee7bdd69b59b,Windows Powershell 5.0 64-bit
Unknown,59e86071b87ac1c3,CuteFTP 8.3 (Build 8.3.4.0007)
Unknown,59f56184c796cfd4,ACDSee Photo Manager 10 (Build 219)
Unknown,59fe1486d27aa9d0,Electronic Arts Origin
Unknown,5a2098e080cf7ac4,OneDrive ?? (ClassicMru)
Unknown,5b186fc4a0b40504,Dtella 1.2.5 (Purdue network only)
Unknown,5b72f67adcce9045,UltraVNC 1.2.1.0 Settings
Unknown,5b7f3287093c1623,Total Commander 8.52a 64-bit
Unknown,5bb830f67194431a,7-Zip 18.05 (x64)
Unknown,5c450709f7ae4396,Firefox 3.6.13 (32-bit)
Unknown,5d696d521de238c3,Google Chrome 9.0.597.84 / 12.0.742.100 / 13.0.785.215 / 48.0.2564.116
Unknown,5d6f13ed567aa2da,Microsoft Office Outlook 2010 x64
Unknown,5d7b4175afdcc260,Shareaza 2.0.0.0
Unknown,5da8f997fd5f9428,Internet Explorer x64
Unknown,5df4765359170e26,Firefox 4.0.1
Unknown,5e01ecaf82f7d8e,Scour Exchange 0.0.0.228
Unknown,5e4713eb935be0b1,foobar2000
Unknown,5e852f5f576f812c,MiTec JSON Viewer (JSONView.exe)
Unknown,5e86fbbffae5937b,Waterfox Browser
Unknown,5e877db63dec2f8,JetBrains dotPeek
Unknown,5ea2a50c7979fbdc,TrustyFiles 3.1.0.22
Unknown,5f218922e0901ebf,MusicBee
Unknown,5f6e7bc0fb699772,Microsoft Office PowerPoint 2010 x64
Unknown,5f7b5f1e01b83767,Quick Access
Unknown,5fb817cd5a8cad21,Google Drive
Unknown,5fd959f6fe6b8ae7,PuTTY 0.70 (x64)
Unknown,603eaabe372fb7ee,CorelDraw 17
Unknown,60536f49b49e4689,Microsoft XmlNotepad 2007
Unknown,6059df4b02360af,Kadu 0.10.0 / 0.6.5.5
Unknown,606a33f5a27b57d4,Microsoft Built-in Computer Management 10.0.10011.16384 (Win10)
Unknown,607258d66273ff4d,Microsoft Edge
Unknown,6224453d9701a612,BinTube 3.7.1.0 (requires VLC 10.5!)
Unknown,624c8eb4922c2308,Modern CSV
Unknown,6274ff22c2061c60,Google PhotoViewer (Picasa)
Unknown,62bff50b969c2575,Quintessential Media Player 5.0 (Build 121)
Unknown,62dba7fb39bb0adc,Yahoo Messenger 7.5.0.647 / 8.1.0.421 / 9.0.0.2162 / 10.0.0.1270
Unknown,647853318c96dfa5,Microsoft.Windows.Cortana
Unknown,65009083bfa6a094,(app launched via XPMode)
Unknown,6518d6ae55cb5b8e,CorelDraw Home 20
Unknown,65f7dd884b016ab2,LimeChat 2.39
Unknown,669967f27afdebec,NirSoft PstPassword 1.20 (x86)
Unknown,6728dd69a3088f97,Windows Command Processor - cmd.exe (64-bit)
Unknown,67730e20cf5d43f7,MiTec JSON Viewer (JSONView.exe)
Unknown,6824f4a902c78fbd,Firefox 64.0
Unknown,689319b6547cda85,emesene 2.11.7
Unknown,68a0dbfb7d0781d5,Corel Photo Paint Home
Unknown,69639df789022856,Google Chrome 86.0.4240.111
Unknown,69bacc0499d41c4,Microsoft Excel 12
Unknown,69d97cdc8d4d5043,Microsoft.windowscommunicationsapps
Unknown,6a316aa67a46820b,Core FTP LE 1.3c (Build 1437) / 2.2 (Build 1689)
Unknown,6a8b377d0f5cb666,WinSCP 2.3.0 (Build 146)
Unknown,6aa18a60024620ae,GCN 2.9.1
Unknown,6b3a5ce7ad4af9e4,IceChat 9 RC2
Unknown,6b81d0477f64e02f,JSONBuddyApp
Unknown,6b8904e2b6864f0f,Mozilla Firefox x32
Unknown,6bb54d82fa42128d,WinSCP 4.3.4 (Build 1428)
Unknown,6bb98fb8cdc26d69,Calculator (Windows built-in)
Unknown,6bc3383cb68a3e37,iTunes 7.6.0.29 / 8.0.0.35
Unknown,6d2bac8f1edf6668,Microsoft Outlook 2016 64-bit
Unknown,6da48f37c95d6e1,Google Chrome
Unknown,6dc04f5ccc522861,Microsoft.Windows.ShellExperienceHost
Unknown,6dcad003123a22fe,Android Studio
Unknown,6ded8e6daa05cb0c,Cyberlink PhotoDirector 8
Unknown,6e855c85de07bc6a,Microsoft Office Excel 2010 x64
Unknown,6e9a79992da9ea2,Nokia PC Suite 7.1
Unknown,6e9d40a4c63bb562,Real Player Alternative 1.25 (Media Player Classic 6.4.8.2 / 6.4.9.0)
Unknown,6f39a16f693777f6,Microsoft.MSPaint_8wekyb3d8bbwe
Unknown,6f4d358e50595ac1,Emsisoft Anti-Malware (a2start.exe)
Unknown,6f647f9488d7a,AIM 7.5.11.9 (custom AppID + JL support)
Unknown,6fac1b1908485d3,Windows Font Viewer
Unknown,6fee01bd55a634fe,Smuxi 0.8.0.0
Unknown,7010c278903c2b0f,Adobe Acrobat XI Pro 32-bit
Unknown,70202c58f1bc64fe,JeticoSoftware BCArchive
Unknown,70a4c8cfd9c64000,Programmer's Notepad (pn.exe)
Unknown,70b52cf73249257,Sococo 1.5.0.2274
Unknown,70d9ada92108d731,IrfanView 4.51 (x64)
Unknown,70ffd305907c983b,7zip 18.05
Unknown,7111c0ce965b7246,Battle.net
Unknown,714b179e552596df,Bullet Proof FTP 2.4.0 (Build 31)
Unknown,7192f2de78fd9e96,TIFNY 5.0.3
Unknown,728008617bc3e34b,eM Client 3.0.10206.0
Unknown,72b0317636c8dbc0,FSPro Event Log Explorer
Unknown,73c6a317412687c2,Google Talk 1.0.0.104
Unknown,73ce3745a843c0a4,FrostWire 5.1.4
Unknown,7494a606a9eef18e,Crystal Player 1.98
Unknown,74d7f43c1561fc1e,Windows Media Player 12.0.7601.17514
Unknown,74ea779831912e30,Skype 7.24.0.104
Unknown,7526de4a8b5914d9,Forte Agent 6.00 (Build 32.1186)
Unknown,7593af37134fd767,RealPlayer 6.0.6.99 / 7 / 8 / 10.5
Unknown,75fdabdc3f4b24fc,Microsoft Windows Event Viewer (eventvwr.exe)
Unknown,75fdacd8330bac18,AnyDesk
Unknown,76689ff502a1fd9e,Imagine Image and Animation Viewer 1.0.7
Unknown,76f6f1bd18c19698,aMule 2.2.6
Unknown,770ecebb12dff1ca,Microsoft.Windows.CloudExperienceHost
Unknown,776beb1fcfc6dfa5,Thunderbird 1.0.6 (20050716) / 3.0.2
Unknown,777483d3cdac1727,Gajim 0.14.4
Unknown,780732558f827a42,AutoPix 5.3.3
Unknown,784182360de0c5b6,Kazaa Lite 1.7.1
Unknown,78aa210563284496,Windows Performance Toolkit (wpa.exe)
Unknown,78f0afb5bd4bb278,Microsoft Lync 2016 64-bit (Skype for Business)
Unknown,7904145af324576e,Total Commander 7.56a (Build 16.12.2010) / 8.52a 32-bit
Unknown,792699a1373f1386,Piolet 3.1.1
Unknown,79370f660ab51725,UploadFTP 2.0.1.0
Unknown,7937df3c65790919,FTP Explorer 10.5.19 (Build 001)
Unknown,7a4ba998575ff2a4,FreeCommander XE 2016 Build 715 32-bit
Unknown,7a7c60efd66817a2,Spotnet 1.7.4
Unknown,7a8db574299c8568,Windows Movie Maker 2012 (build 16.4.3528.0331)
Unknown,7b2b4f995b54387d,News Reactor 20100224.16
Unknown,7b4d500e147e4391,Tor Browser 8.0.4 (x64)
Unknown,7b7f65aaeca20a8c,Dropbox App 5.4.24
Unknown,7b8d39bd536c7feb,Microsoft XML Notepad
Unknown,7c2916afd6f116a6,LibreOffice 5.1.0.3 Base
Unknown,7c8adb9f2028b7d4,SAPIEN Packager
Unknown,7cb0735d45243070,CDisplay 1.8.1.0
Unknown,7dca40fd2a5a971f,LibreOffice 5.1.0.3
Unknown,7e4dca80246863e3,Control Panel - Settings
Unknown,7fa8bdd163836f0c,WinRAR
Unknown,7fd04185af357bd5,UltraLeeacher 1.7.0.2969 / 1.8 Beta (Build 3490)
Unknown,7ff0b18f1611daa4,Opera Browser
Unknown,8172865a9d5185cb,Binreader 1.0 (Beta 1)
Unknown,817bb211c92fd254,GOM Player 2.0.12.3375 / 2.1.28.5039
Unknown,817e5ad5be351574,Microsoft Built-in Services 10.0.10011.16384 (Win10)
Unknown,8211531a7918b389,Newsbin Pro 6.00 (Build 1019) (JL support)
Unknown,82de7b745170a7a7,Microsoft App Installer
Unknown,83b03b46dcd30a0e,iTunes 9.0.0.70 / 9.2.1.5 / 10.4.1.10 (begin custom 'Tasks' JL capability) / 12.3.2.35 64-bit
Unknown,83dd64e7fa560bd5,LibreOffice 5.1.0.3 Calc
Unknown,84f066768a22cc4f,Adobe Photoshop CS5 (64-bit)
Unknown,8628e76fd9020e81,Fling File Transfer Plus 2.24
Unknown,86781fe8437db23e,Messenger Pro 2.66.6.3353
Unknown,86b804f7a28a3c17,Miranda IM 0.6.8 / 0.7.6 / 0.8.27 / 0.9.9 / 0.9.29 (ANSI + Unicode)
Unknown,884fd37e05659f3a,VZOchat 6.3.5
Unknown,888f2fa044591eda,Twitter - Trusted Microsoft Store App (Win10)
Unknown,8904a5fd2d98b546,IceChat 7.70 20101031
Unknown,89b0d939f117f75c,Adobe Acrobat 9 Pro Extended (32-bit)
Unknown,8a1c1c7c389a5320,Safari 3.2.3 (525.29)
Unknown,8a461f82e9eb4102,Foxit Reader 7.2.0.722
Unknown,8b87640a40ec9fc,Snagit 2020
Unknown,8bce06a9e923e1f9,Slack 4.10.3
Unknown,8bd5c6433ca967e9,ACDSee Photo Manager 2009 (v11.0 Build 113)
Unknown,8c816c711d66a6b5,MSN Messenger 6.2.0137 / 7.0.0820
Unknown,8dcca8b24a5e822e,CDBurnerXP 4.5.7.6623
Unknown,8de2636cecd37184,MusicBee
Unknown,8deb27dfa31c5c2a,CoffeeCup Free FTP 4.4 (Build 1904)
Unknown,8e4e81d9adc545b8,Microsoft Your Phone
Unknown,8eafbd04ec8631ce,VMware Workstation 9 x64
Unknown,8f3d7202aa5d4c01,ImgBurn 2.5.8.0
Unknown,8f4ae1df7d39f816,X-Ways WinHex x64
Unknown,8f852307189803b8,Far Manager 2.0.1807
Unknown,8fb5ce5e2b049ce,Windows Defender (Win10 built-in)
Unknown,8fd1364019dc2115,Calibre E-Book Manager 2.33
Unknown,8fdb062f1e486cac,Microsoft Powerpoint 2013 32-bit
Unknown,9027fe24326910d2,Thunderbird 38.6.0
Unknown,905c98e216107aa1,Microsoft Lync 2013 15.0.4753.1000
Unknown,9077b9c9cf187cc2,KeePass 1.36
Unknown,90e5e8b21d7e7924,Winamp 3.0d (Build 488)
Unknown,9149d0f5ebf7f710,Microsoft Outlook (15)
Unknown,918e0ecb43d17e23,Notepad (32-bit)
Unknown,92a0e470eecc63d3,RegistryExplorer
Unknown,92f1d5db021cd876,NewsLeecher 4.0 / 5.0 Beta 6
Unknown,9303de56d0685af1,plist Editor Pro for Windows
Unknown,930cf1dd2266e2cb,DB Browser for SQLite
Unknown,9390ee5b658e96e,PuTTY 0.72 / 0.73
Unknown,939c10c2c101c1b0,Stickies 9.0d
Unknown,93b18adf1d948fa3,qutIM 0.2
Unknown,9501e18d7c2ab92e,Google Chrome
Unknown,954ea5f70258b502,Windows Script Host - wscript.exe (32-bit)
Unknown,95597e2f40dbd9aa,PotPlayerMini64 (potplayer.daum.net)
Unknown,9560577fd87cf573,LeechFTP 1.3 (Build 207)
Unknown,95962cd8e90977ca,Emsisoft Anti-Malware (a2start.exe)
Unknown,959668a81d4f220e,Sublime Text 3.2.1 (Build 3207)
Unknown,96252daff039437a,Lphant 7.0.0.112351
Unknown,9645f58513b1a821,Windows Live Mail (wlmail.exe)
Unknown,966fa7c312d9b10,Eraser 6.2.0.2970
Unknown,969252ce11249fdd,Mozilla Firefox 40.0 / 44.0.2
Unknown,971cc6ad207f36cb,PaintShopPro (X9)
Unknown,9749cea96d411f37,HexChat 2.10.2 64-bit
Unknown,977a5d147aa093f4,Lphant 3.51
Unknown,9839aec31243a928,Microsoft Office Excel 2010 x86
Unknown,989d7545c2b2e7b2,IMVU 465.8.0.0
Unknown,98aaea517363a6fa,Microsoft.DiagnosticDataViewer
Unknown,98b0ef1c84088,fulDC 6.78
Unknown,99c15cf3e6d52b61,mldonkey 3.1.0
Unknown,9a165f62edbfa161,Microsoft Store
Unknown,9a3bdae86d5576ee,WinSCP 3.2.1 (Build 174) / 3.8.0 (Build 312)
Unknown,9a464053cd82de6d,LINE Messenger
Unknown,9ad1ec169bf2da7f,FlylinkDC++ r405 (Build 7358)
Unknown,9ad84c52efeae190,1Password 4.6.0.604
Unknown,9b9cdc69c1c24e2b,Notepad 64-bit
Unknown,9c08ad74ad8708df,Microsoft Publisher 2016 64-bit
Unknown,9c32e2313792e6e8,Microsoft Built-in Disk Cleanup (Win10)
Unknown,9c7cc110ff56d1bd,Microsoft Office PowerPoint 2010 x86
Unknown,9ce6555426f54b46,HxD 1.7.7.0
Unknown,9d1f905ce5044aee,Edge Browser
Unknown,9d78513a8998829c,Microsoft Built-in Run Dialog (Win7 + Win10)
Unknown,9d91276b0be3e46b,Windows Help and Support (Built-in) Win7
Unknown,9dacebaa9ac8ca4e,TLNews Newsreader 2.2.0 (Build 2430)
Unknown,9e0b3f677a26bbc4,BitKinex 3.2.3
Unknown,9e312f4adee9107,Opera Browser
Unknown,9edafe4ba4b22ce7,Eclipse IDE Oxygen (4.7.3a)
Unknown,9eff0b23d51fe003,XMind 201807140020
Unknown,9f03ae476ad461fa,GroupsAloud 1.0
Unknown,9f5c7755804b850a,Windows Script Host - wscript.exe (64-bit)
Unknown,9fda41b86ddcf1db,VLC Media Player 0.5.3 / 0.8.6i / 0.9.7 / 1.1.11 / 2.2.1
Unknown,9fdb10e18cdd0101,Cisco AnyConnect Secure Mobility Client 3.1.02040
Unknown,a028c9db28aa15a3,Piriform Defraggler 2.20.989 64-bit
Unknown,a0d6b1b874c6e9d2,TOR Browser 6.0.2
Unknown,a10b45adb36c1d27,PST Walker 5.54
Unknown,a18df73203b0340e,Microsoft Word 2016
Unknown,a1d19afe5a80f80,FileZilla 2.2.32
Unknown,a2b95ca27b6c33d9,Windows Live Photo Gallery
Unknown,a2c73c383525f1bb,RealVNC Viewer 5.3.0 64-bit
Unknown,a31ec95fdd5f350f,BitComet 0.49 / 0.59 / 0.69 / 0.79 / 0.89 / 0.99 / 1.07 / 1.28
Unknown,a3e0d98f5653b539,Instantbird 1.0 (20110623121653) (JL support)
Unknown,a48aff51c30d699a,qBittorrent 4.5.4 (64-bit)
Unknown,a4a5324453625195,Microsoft Word 2013 32-bit
Unknown,a4def57ee99d77e9,Nomad News 1.43
Unknown,a52b0784bd667468,Photos Microsoft 16.526.11220.0 (Windows 10)
Unknown,a55ed4fbb973aefb,Microsoft Teams
Unknown,a581b8002a6eb671,WiseFTP 5.5.9
Unknown,a5db18f617e28a51,ICQ 6.5 (Build 2024)
Unknown,a61657a5e5dfbdc,Microsoft.WindowsNotepad
Unknown,a6744f520b56975c,SAPIEN SnippetEditor
Unknown,a6d4dfec09c69409,Microsoft Word Viewer 11.8169.8172
Unknown,a712c324879904b1,Malwarebytes (assistant.exe)
Unknown,a746f9625f7695e8,HeXHub 5.07
Unknown,a7500ee83f4868ab,DVBViewer
Unknown,a75b276f6e72cf2a,WinMX 3.53
Unknown,a777ad264b54abab,JetVideo 8.0.2.200 Basic
Unknown,a79a7ce3c45d781,CuteFTP 7.1 (Build 06.06.2005.1)
Unknown,a7ba40025dac9a67,Microsoft Office Hub
Unknown,a7bd71699cd38d1c,Microsoft Office Word 2010 x86
Unknown,a850d8ed37504c7c,Microsoft.Windows.Cortana
Unknown,a8c43ef36da523b1,Microsoft Office Word 2003 Pinned and Recent.
Unknown,a8df13a46d66f6b5,Kommute (Calypso) 0.24
Unknown,a968adcd5f3991cd,CorelDraw Home 20
Unknown,a97085ebdc30067f,microsoft.windowscommunicationsapps
Unknown,aa11f575087b3bdc,Unzbin 2.6.8
Unknown,ac3a63b839ac9d3a,Vuze 4.6.0.4
Unknown,ac8920ed05001800,DMDirc 0.6.5 (Profile store: C:\Users\$user\AppData\Roaming\DMDirc\)
Unknown,acb8cd11364e2de8,VisualStudio
Unknown,accca100973ef8dc,Azureus 2.0.8.4
Unknown,ace2e449a5dfce37,Windows Update Standalone Installer
Unknown,ace8715529916d31,40tude Dialog 2.0.15.1 (Beta 38)
Unknown,ad57bd0f4825cce,WinRAR 6.01 Russian 64 bit
Unknown,adecfb853d77462a,Microsoft Office Word 2007 Pinned and Recent.
Unknown,ae069d21df1c57df,mIRC 6.35 / 7.19
Unknown,ae3f2acd395b622e,QuickTime Player 6.5.1 / 7.0.3 / 7.5.5 (Build 249.13)
Unknown,ae6df75df512bd06,Microsoft Groove Music (Build 10.19031.1141.0)
Unknown,aedd2de3901a77f4,Pidgin 2.10.11
Unknown,af0fdd562e3f275b,Snagit 2020
Unknown,b0236d03c0627ac4,ICQ 5.1 / ICQLite Build 1068
Unknown,b0459de4674aab56,Windows Virtual PC - vmwindow.exe (32- and 64-bit)
Unknown,b06a975b62567622,Windows Live Messenger 8.5.1235.0517 BETA
Unknown,b06bc47edd036329,SAPIEN PowerShell Studio
Unknown,b08971c77377bde3,Microsoft Visual Studio Community 2015
Unknown,b17d3d0c9ca7e29,"Picasa 3.8.0 (Build 117.43, 0)"
Unknown,b223c3ffbc0a7a42,Bersirc 2.2.14
Unknown,b2a0df3f22cec7e0,Microsoft.People_10
Unknown,b3016b8da2077262,eMule 0.50a
Unknown,b37a182b9a7a8098,SAPIEN.Packager
Unknown,b3965c840bf28ef4,AIM 4.8.2616
Unknown,b39bc6b590f53961,HexChat 2.10.2 32-bit
Unknown,b39c5f226977725d,ACDSee Pro 8.1.99
Unknown,b3f13480c2785ae,Paint 6.1 (build 7601: SP1)
Unknown,b48ce76eda60b97,Shareaza 8.0.0.112300
Unknown,b50ee40805bd280f,QuickTime Alternative 1.9.5 (Media Player Classic 6.4.9.1)
Unknown,b50f4a1d866b4b05,Microsoft.Office.Word 16xxx x64
Unknown,b6267f3fcb700b60,WiseFTP 4.1.0
Unknown,b7173093b23b9a6a,Beyond Compare 4
Unknown,b74736c2bd8cc8a5,WinZip 15.5 (9468)
Unknown,b77ef7f3fc946302,Pale Moon Browser 26.1.1 (32-bit)
Unknown,b7cb1d1c1991accf,FlashFXP 4.0.0 (Build 1548)
Unknown,b868d9201b866d96,Microsoft Lync 4.0.7577.0
Unknown,b8a48bfb1f2f0c8d,NordVPN
Unknown,b8ab77100df80ab2,Microsoft Office Excel x64
Unknown,b8c13a5dd8c455a2,Titan FTP Server 8.40 (Build 1338)
Unknown,b8c29862d9f95832,Microsoft Office InfoPath 2010 x86
Unknown,b91050d8b077a4e8,Windows Media Center x64
Unknown,b916037c1e115fe0,Microsoft Skype (Microsoft.SkypeApp_15)
Unknown,ba132e702c0147ef,KCeasy 0.19-rc1
Unknown,ba3a45f7fd2583e1,Blubster 3.1.1
Unknown,baacb5294867b833,Notepad++ 7.8.6
Unknown,bac8a6b507360131,Remote Desktop Connection Manager 2.2
Unknown,baea31eacd87186b,BinaryBoy 1.97 (Build 55)
Unknown,bba8a4896f0d26f,Ares Chat Client (3.1.9.4045)
Unknown,bc03160ee1a59fc1,Foxit PDF Reader 5.4.5
Unknown,bc0c37e84e063727,Windows Command Processor - cmd.exe (32-bit)
Unknown,bc2f88eccd3461b4,Microsoft Built-in Event Viewer 1.0 (Win10)
Unknown,bcc705f705d8132b,Instan-t 5.2 (Build 2824)
Unknown,bcd7ba75303acbcf,BitLord 1.1
Unknown,bd050ac447f6cd65,Microsoft Xbox App
Unknown,bd249197a6faeff2,Windows Live Messenger 2011
Unknown,bd6f833ece9f9890,Microsoft Sticky Notes
Unknown,be2fd48be71f4560,Autodesk DWG TrueView
Unknown,be4875bb3e0c158f,CrossFTP 1.75a
Unknown,be71009ff8bb02a2,Microsoft Office Outlook x86
Unknown,bec10d3aaf939ffa,Pale Moon Browser 26.1.1 (64-bit)
Unknown,bf483b423ebbd327,Binary Vortex 5.0
Unknown,bf9ae1f46bd9c491,Nimbuzz 2.0.0 (rev 6266)
Unknown,bfc1d76f16fa778f,Ares (Galaxy) 1.8.4 / 1.9.8 / 2.1.0 / 2.1.7.3041 / 3.1.9.4045
Unknown,bfe841f4d35c92b1,QuadSucker/News 5.0
Unknown,c01827d56ff89056,Microsoft Sticky Notes
Unknown,c01d68e40226892b,ClicksAndWhistles 2.7.146
Unknown,c02baf50d02056fc,FotoVac 1.0
Unknown,c04f69101c131440,CuteFTP 5.0 (Build 50.6.10.2)
Unknown,c08dde8c94c16b10,Cyberlink PowerDVD 18
Unknown,c1eece5026414c64,Recuva 1.52.1086 (64-bit)
Unknown,c2d349a0e756411b,Adobe Reader 8.1.2
Unknown,c312e260e424ae76,Mail.Ru Agent 5.8 (JL support)
Unknown,c31b3d36438b5e2c,Visual Studio Enterprise 2017 Version 15.9.10
Unknown,c343543d4ee31de7,Microsoft Access
Unknown,c45108aa42339506,PowerPoint Show 8
Unknown,c5236fd5824c9545,PLAYXPERT 1.0.140.2822
Unknown,c54b96f328bdc28d,WiseFTP 7.3.0
Unknown,c5c24a503b1727df,XnView 1.98.2 Small / 1.98.2 Standard / 2.35
Unknown,c5ef839d8d1c76f4,LimeWire 5.2.13
Unknown,c634153e7f5fce9c,IrfanView 3.10 / 4.30 / 4.41 32-bit
Unknown,c6f7b5bf1b9675e4,BitWise IM 1.7.3a
Unknown,c71ef2c372d322d7,PGP Desktop 10
Unknown,c765823d986857ba,Adobe Illustrator CS5 (32-bit)
Unknown,c7a4093872176c74,Paint Shop Pro Pinned and Recent.
Unknown,c8112ac53c5ed250,Jetico Log Viewer 1.1
Unknown,c845f3a6022d647c,Another File 2.03 (Build 2/7/2004)
Unknown,c88c76a215679365,Axialis IconWorkshop 6
Unknown,c8aa3eaee3d4343d,Trillian 0.74 / 3.1 / 4.2.0.25 / 5.0.0.35 (JL support)
Unknown,c8e4c10e5460b00c,iMesh 6.5.0.16898
Unknown,c91d08dcfc39a506,SM Player 0.6.9 r3447
Unknown,c9374251edb4c1a8,BitTornado T-0.3.17
Unknown,c98ab5ccf25dda79,NewsShark 2.0
Unknown,c9950c443027c765,WinZip 9.0 SR-1 (6224) / 10.0 (6667)
Unknown,c997d2e1a0f0929,BCWipe 6.08.6
Unknown,c99ddde925d26df3,Robo-FTP 3.7.9 CronMaker
Unknown,ca1eb46544793057,RetroShare 0.5.2a (Build 4550)
Unknown,ca942805559495e9,aMSN 0.98.4
Unknown,caea34d2e74f5c8,uTorrent 3.4.7
Unknown,cb1d97aca3fb7e6b,Newz Crawler 1.9.0 (Build 4100)
Unknown,cb5250eaef7e3213,ApexDC++ 1.4.3.957
Unknown,cb83010e2bf88ad0,PowerShell ISE x64
Unknown,cb984e3bc7faf234,NewsRover 17.0 (Rev.0)
Unknown,cb996a858d7f15c,PDF Architect 4.0.09.25450 64-bit
Unknown,cbbe886eca4bfc2d,ExoSee 1.0.0
Unknown,cbeb786f0132005d,VLC 0.7.2
Unknown,cc4b36fbfb69a757,gtk-gnutella 0.97
Unknown,cc76755e0f925ce6,AllPicturez 1.2
Unknown,cca6383a507bac64,Gadu-Gadu 10.5.2.13164
Unknown,ccb36ff8a8c03b4b,Azureus 2.5.0.4 / Vuze 3.0.5.0
Unknown,ccba5a5986c77e43,Microsoft Edge (Chromium)
Unknown,ccc0fa1b9f86f7b3,CCleaner 5.15.5513 64-bit
Unknown,cd2acd4089508507,AbsoluteTelnet 9.18 Lite
Unknown,cd40ead0b1eb15ab,NNTPGrab 0.6.2
Unknown,cd8cafb0fb6afdab,uTorrent 1.7.7 (Build 8179) / 1.8.5 / 2.0 / 2.21 (Build 25113) / 3.0 (Build 25583)
Unknown,cdb6f0c373f2da0f,stunnel 5.31
Unknown,cdf30b95c55fd785,Microsoft Office Excel 2007
Unknown,ce0e7345de1f1e26,Microsoft.Windows.PrintQueueActionCenter 1.0.1.0
Unknown,cf02284227526d80,Powershell ISE
Unknown,cf0c5b2c9773bfa4,IDA Pro x64
Unknown,cf6379a9a987366e,Digibin 1.31
Unknown,cfab0ec14b6f953,Express NewsPictures 2.41 (Build 08.05.07.0)
Unknown,cfb56c56fa0f0a54,Mozilla 0.9.9
Unknown,d00655d2aa12ff6d,Microsoft PowerPoint 2016 64-bit
Unknown,d014c0be50851f63,MusicBee 3.4.2.0 x86
Unknown,d0261ed6e16b200b,News File Grabber 4.6.0.4
Unknown,d1cc3f047e70a200,SAPIEN SnippetEditor
Unknown,d1d9b843a81139c6,KeePass
Unknown,d1fc019238236806,Newsgroup Commander Pro 9.05
Unknown,d22ad6d9d20e6857,ALLPlayer 4.7
Unknown,d249d9ddd424b688,Google Chrome 81.0.4044.138
Unknown,d27ff2aece1fd1bf,Epic Privacy Browser
Unknown,d28ee773b2cea9b2,3D-FTP 9.0 build 7
Unknown,d2d0fc95675fb2c8,Microsoft Built-in Print Management (Win10)
Unknown,d33ecf70f0b74a77,"Picasa 2.2.0 (Build 28.08, 0)"
Unknown,d3530c5294441522,HydraIRC 0.3.165
Unknown,d356105fac5527ef,Steam 1/22/2021
Unknown,d38a3ea7ec79fbed,LibreOffice 5.1.0.3 Writer
Unknown,d38adec6953449ba,Microsoft Office OneNote 2010 x64
Unknown,d3c5cf21e86b28af,SeaMonkey 2.3.3
Unknown,d41746b133d17456,Tkabber 0.11.1
Unknown,d460280b17628695,Java Binary
Unknown,d4a589cab4f573f7,Microsoft Project 2010 x86
Unknown,d4e1769e47ffde26,Cyberlink PhotoDirector 9
Unknown,d53b52fb65bde78c,Android Newsgroup Downloader 6.2
Unknown,d57380f96fcfde2f,RegistryExplorer
Unknown,d5c02fc7afbb3fd4,NNTPGrab 0.6.2 Server
Unknown,d5c3931caad5f793,Adobe Soundbooth CS5 (32-bit)
Unknown,d64d36b238c843a3,Microsoft Office InfoPath 2010 x86
Unknown,d7528034b5bd6f28,Windows Live Mail Pinned and Recent.
Unknown,d7666c416cba240c,NewsMan Pro 3.0.5.2
Unknown,d78150e0484a4e1d,Evernote 5.9.6.9494
Unknown,d788e8bc973b89e9,PKWARE PKZIP for Windows 14
Unknown,d7d647c92cd5d1e6,uTalk 2.6.4 r47692
Unknown,d7db75db9cdd7c5d,Xnews 5.04.25
Unknown,d8081f151f4bd8a5,CuteFTP 8.3 Lite (Build 8.3.4.0007)
Unknown,d838aac097abece7,ACDSee Photo Manager 12 (Build 344)
Unknown,d8671c1ed93c75c8,Tor Browser 5.5.2
Unknown,d93f411851d7c929,Windows Powershell 5.0 32-bit
Unknown,d97efdf3888fe7eb,KeePass 2.31
Unknown,d992bcc31b3e5727,Opera Browser
Unknown,da7e8de5b8273a0f,Yahoo Messenger 5.0.0.1226 / 6.0.0.1922
Unknown,daa1194a2bd88bd7,SAPIEN Packager
Unknown,db37f98b03e7cdde,WinMerge 2.16.30
Unknown,db3b8d985f0668e,FreeFileSync 10.7
Unknown,dba909a61476ccec,NewsWolf 1.41
Unknown,dc64de6c91c18300,Brosix Communicator 3.1.3 (Build 110719 nid 1)
Unknown,dd658a07478b46c2,PIRCH98 1.0.1.1190
Unknown,dd7c3b1adb1c168b,Microsoft Game Bar
Unknown,de48a32edcbe79e4,Adobe Acrobat Reader DC 2015.010.20056
Unknown,de76415e0060ce13,Noworyta News Reader 2.9
Unknown,dee18f19c7e3a2ec,PopNote 5.21
Unknown,dfc4675a96730ede,Microsoft.WindowsFeedbackHub x64
Unknown,dfe3790e91d3a22f,Tracker Software PDF-XChange Editor
Unknown,e0246018261a9ccc,qutIM 0.2.80.0
Unknown,e0532b20aa26a0c9,QQ International 1.1 (2042)
Unknown,e0f7a40340179171,imule 1.4.5 (rev. 749)
Unknown,e107946bb682ce47,Filezilla 3.5.1 / 3.16
Unknown,e1d47cb031dafb9f,BearShare 6.0.0.22717 / 8.1.0.70928 / 10.0.0.112380
Unknown,e26f61afb0824f2e,Photoshop CC 2015
Unknown,e2a593822e01aed3,Adobe Flash CS5 (32-bit)
Unknown,e30bbea3e1642660,Neebly 1.0.4
Unknown,e31a6a8a7506f733,Image AXS Pro 4.1
Unknown,e353de90c46ecf50,Hex-Rays IDA Pro
Unknown,e36bfc8972e5ab1d,XPS Viewer
Unknown,e40cb5a291ad1a5b,Songbird 1.9.3 (Build 1959)
Unknown,e42a8e0f4d9b8dcf,Sysax FTP Automation 5.15
Unknown,e4bd2558bfab368d,UltraDefrag 7.0.0
Unknown,e4ea035065b5789a,Maël Hörz HxD Hex Editor 2.5
Unknown,e57cfc995bdc1d98,Snagit 11
Unknown,e6ea77a1d4553872,Gnucleus 1.8.6.0
Unknown,e6ee34ac9913c0a9,VLC 0.6.2
Unknown,e6ef42224b845020,ALFTP 5.20.0.4
Unknown,e70d383b15687e37,Notepad++ 6.6.7
Unknown,e73d9f534ed5618a,BitSpirit 1.2.0.228 / 2.0 / 2.6.3.168 / 2.7.2.239 / 2.8.0.072 / 3.1.0.077 / 3.6.0.550
Unknown,e76a4ef13fbf2bb1,Manolito 3.1.1
Unknown,e7f34dee82980c52,LibreOffice Calc
Unknown,e93dbdcede8623f2,Pandion 2.6.106
Unknown,e9a39dfba105ea23,Faststone Image Viewer 4.6 / 5.5
Unknown,ea5af8ce5aeb5617,Notepad++
Unknown,ea64ce14e5470c33,Microsoft.PowerShell_7.2.1.0 x64
Unknown,ea83017cdd24374d,IrfanView Thumbnails
Unknown,eab25958dbddbaa4,Binary News Reaper 2 (Beta 0.14.7.448)
Unknown,eb3300e672136bc7,Stream Reactor 1.0 Beta 9 (uses VLC!)
Unknown,eb7e629258d326a1,WindowWasher 6.6.1.18
Unknown,ebd8c95d87f25154,Carrier 2.5.5
Unknown,ec3e36af0cdcb3e1,Steam build 2/4/2016
Unknown,ecd1a5e2c3af9c46,LibreOffice 5.1.0.3 Press
Unknown,ecd21b58c2f65a2f,StealthNet 0.8.7.9
Unknown,ecdd9154e84d5544,Wickr Top Secret Messenger Desktop 2.3.5
Unknown,ed49e1e6ccdba2f5,GNUnet 0.8.1a
Unknown,ed7a5cc3cca8d52a,CCleaner 1.32.345 / 1.41.544 / 2.36.1233 / 3.10.1525
Unknown,edc786643819316c,HoneyView3 #5834
Unknown,ee0c103672a7a2b9,ManyCam 6.7.0
Unknown,ee462c3b81abb6f6,Adobe Reader X 10.1.0
Unknown,ee6d1f704cdeb7f9,Opera Browser
Unknown,ef473fab8120b354,uTorrent 3.5.5
Unknown,ef606b196796ebb,HP MediaSmart Photo
Unknown,efb08d4e11e21ece,Paltalk Messenger 10.0 (Build 409)
Unknown,efbb2bf3c1d06466,Auslogics Disk Defrag 6.2.1.0
Unknown,f001ea668c0aa916,Cabos 0.8.2
Unknown,f01b4d95cf55d32a,Windows Explorer Windows 8.1
Unknown,f0275e8685d95486,Microsoft Office Excel 2013 x86
Unknown,f039446000b1b829,SweetScape 010 Editor
Unknown,f0468ce1ae57883d,Adobe Reader 7.1.0
Unknown,f065ac336abcaa3e,Adobe Acrobat Reader DC (64-bit)
Unknown,f09b920bfb781142,Camfrog 4.0.47 / 5.5.0 / 6.1 (build 146) (JL support)
Unknown,f0c7bd3e0584a65a,InfraRecorder 0.53.0.0 32-bit
Unknown,f18460fded109990,Windows Connected Devices
Unknown,f1a4c04eebef2906,[i2p] Robert 0.0.29 Preferences
Unknown,f1dfe90245a04467,MPC-BE 64 (Media Player Classic - Black Edition)
Unknown,f203793bf9d14ff,Razer Central
Unknown,f214ca2dd40c59c1,FrostWire 4.20.9
Unknown,f2a9149d1c88d093,Tor Browser (Firefox)
Unknown,f2cb1c38ab948f58,X-Chat 1.8.10 / 2.6.9 / 2.8.9
Unknown,f2d2624b34821c85,Opera Browser (Opera.exe)
Unknown,f5ac5390b9115fdb,Microsoft Office PowerPoint 2007
Unknown,f5e4e50707bcd215,Microsoft Message Analyzer 1.4
Unknown,f61b65550a84027e,iMesh 11.0.0.112351
Unknown,f64de962764b9b0f,FTPRush 1.1.3 / 2.15
Unknown,f674c3a77cfe39d0,Winamp 2.95 / 5.1 / 5.621 / 5.666
Unknown,f6fd5d99e2b6e178,LibreOffice 5.1.0.3 Draw
Unknown,f7699cf2eed599ac,Microsoft.SecHealthUI
Unknown,f784591ff7f60f76,Microsoft Built-in Defragment and Optimize Drives (Win10)
Unknown,f82607a219af2999,Cyberduck 4.1.2 (Build 8999)
Unknown,f8f05350c84c9d76,Mozilla Thunderbird
Unknown,f91fd0c57c4fe449,ExpanDrive 2.1.0
Unknown,f920768fe275f7f4,Grabit 1.5.3 Beta (Build 909) / 1.6.2 (Build 940) / 1.7.2 Beta 4 (Build 997)
Unknown,f92e607f9de02413,RealPlayer 14.0.6.666
Unknown,fa02aa2c575837a6,Microsoft Built-in Task Scheduler 1.0 (Win10)
Unknown,fa496fe13dd62edf,KVIrc 3.4.2.1 / 4.0.4
Unknown,fa7144034d7d083d,Directory Opus 10.0.2.0.4269 (JL tasks supported)
Unknown,fac3aa4105c6c466,Microsoft Built-in System Restore (Win7)
Unknown,faef7def55a1d4b,VLC 2.2.6
Unknown,fb1f39d1f230480a,Bopup Messenger 5.6.2.9178 (all languages: en;du;fr;ger;rus;es)
Unknown,fb230a9fe81e71a8,Yahoo Messenger 11.0.0.2014-us
Unknown,fb3b0dbfee58fac8,Microsoft Word 2016 64-bit
Unknown,fb7ca8059b8f2123,ooVoo 3.0.7.21
Unknown,fbb3e7490ba71a30,SQLite Expert
Unknown,fc98c00f85d4ce77,EditPad Pro 8
Unknown,fc999f29bc5c3560,Robo-FTP 3.7.9
Unknown,fd1ad55e472f20e0,Google Earth Pro 7.3.2.5491
Unknown,fdbaca0a1fce6055,MozBackup 1.5.1
Unknown,fdbd48d45512dffc,Photoshop 7
Unknown,fe57f5df17b45fe,Wireshark 2.6.3
Unknown,fe5e840511621941,JetAudio 5.1.9.3018 Basic / 6.2.5.8220 Basic / 7.0.0 Basic / 8.0.16.2000 Basic
Unknown,fe8bb4692de7b989,Smart Defrag 4.3.0.847
Unknown,fe9e0f7260000a12,RealVNC Server 5.3.0 64-bit (Connect+File Transfer)
Unknown,ff103e2cc310d0d,Adobe Reader XI
Unknown,ff224628f0e8103c,Morpheus 3.0.3.6
Unknown,ff99ba2fb2e34b73,Windows Calculator
